{"DeniaCoffee": [0.17164799999999997, 0.894, 0.7495295999999998], "DeniaHumidity": [0.17164799999999997, 0.6351572, 0.894], "DeniaIndoor": [0.17164799999999997, 0.23184399999999977, 0.894], "DeniaOutdoor": [0.5147651999999997, 0.17164799999999997, 0.894], "DeniaSunny": [0.894, 0.17164799999999997, 0.8699216000000001], "Pavia_fridge": [0.894, 0.17164799999999997, 0.4666083999999998], "Pavia_indoor": [0.894, 0.28000079999999955, 0.17164799999999997], "Pavia_outdoor": [0.894, 0.6833140000000001, 0.17164799999999997], "Pavia_sunny": [0.7013727999999994, 0.894, 0.17164799999999997]}